sentence,label,llm_label
"if you aren't thin , you're nobody .",0,0
"But it wasn ’ t just you who was involved , right ? You were only doing what your supervisor told you to do .",0,0
"Hello , Miao Ping . I'd like to open a Foreign Currency Account today .",0,0
You are not really chubby . You are actually thin enough .,0,0
Cute ? Hope so .,0,0
"Oh , your precious game . You watch the same game every year , and each year your beloved hometown team loses by at least three goals !",0,0
Did anyone approach you to ask you to carry anything for them ?,0,0
"Oh , you mean Pavarotti , Domingo and Carreras . Have you been to their live shows ?",0,0
"Great . Well , the main issue here , as you can see is that our expenses are through the roof .",0,0
Would you mind if I ask you whether you are married or not ?,0,0
How long has it been ?,0,0
It's us .,0,0
"Hi , there . Look at these . I have collected some ads here . There is a special promotion for Mother's Day this weekend .",0,0
All right . What is your type of skin ?,0,0
"No , I am single .",0,0
"All right , then let's begin .",0,0
"Good morning , sir . Could I be of any service to you ?",0,0
"It's ... oh it's the 1st April , April Fool's Day .",0,0
Loan me that tape recorder you have . And don't say anything to anyone until I come back .,0,0
"Good evening , miss . Want some socks ?",0,0
Who won ?,0,0
"I want to take out some money , but there's a massive queue for the ATM so I thought I'd do it over the counter .",0,0
Exactly .,0,0
One thing I love our boss for is that he always knows when to give you a pay raise without being asked for .,0,0
Not really . It pinches my toes .,0,0
Thanks a lot .,0,0
Not at all . I ’ m an agnostic . Do you ?,0,0
There are plenty of rugby fans in my country too .,0,0
"You are fine the way you are . Besides , plastic surgery hurts .",1,0
"Excuse me , ma'ma . Could you walk back through the doorway again , please ?",0,0
"Oh , I see . If I buy more than a set , can I get any discount ?",0,0
where will I be staying ?,1,0
"Okay . I have canceled your reservation , Mr . Smith .",0,0
Don ’ t count on it .,0,0
"Yes , what kind of smell do you like ?",0,0
They ’ re really running you into the ground . Why don ’ t you ask for some time off ? You could take a long weekend and go away somewhere .,0,0
"Yes , thanks . By the way , what time do I have to start check-in ?",0,0
Some grape juice would also be nice .,0,0
Yes . This is Janet Smith . I ’ d like to make an appointment with Dr . Mustn as soon as possible .,1,1
"Sorry , I'm very near sighted .",0,0
I'm tired . I need a rest .,1,0
"Hey , I've always gone hunting or fishing on vacation . I am sorry that bothers you .",0,0
It ’ s too bad that you have to leave so early .,0,0
"Will this do ? Your major is not related to banking , as you know .",1,0
My pleasure . You're a sweet couple . Do you have any questions ?,0,0
"Don't be too sad . If you really think that you have no feeling with him , then , in my opinion , getting divorced maybe is the best way to solve the problem .",0,0
Yes . I'd like to use a safety deposit box .,0,0
Las Vegas is in the southwest .,0,0
That's a long time ! Was the weather OK ?,0,0
How long does it take you to cook a meal for five or six people ?,0,0
"We hit a couple of local bars , and met up with some friends . Everything was cool until Mike came along , and it turned out that it was his birthday yesterday !",0,0
It looks good . OK . I'll take it .,0,0
"I'm not sure , but as far as I know , most factory tours are free . They are sponsored by the company providing the tour .",0,0
"No , they won't . They are shrink proof .",0,0
"Yes , it's fast . But four minutes is enough to do fifty thousand dollars damage .",0,0
don't mention it .,0,0
"Helen , why do you keep flushing the toilet ? What's wrong ?",0,0
"Thanks . Please give me the style in this picture here but make the wave longer . I would like hair spray , please .",0,0
So what happened next ?,0,0
I think so . Maybe that ’ s why it ’ s cheap here .,0,0
"No , I can't see that happening . I know you're a good cook and nothing like that would ever happen .",0,0
How much ? Is it overweight ?,0,0
She's Betty.She ' s Mr Goldman's niece .,0,0
Thanks .,0,0
"Three , Doctor .",1,0
Seriously ?,0,0
"No problem , this street is nearly built along the both sides of this street.there is stores , restaurant follow the style of tradition chinese building , the guest come there taste very traditional favorite dishes .",0,0
Will you open your mouth ? Your throat is swollen .,1,1
"Work is work , whether it ’ s a part-time or temporary job or a full-time gig .",0,0
When can I take my test ?,0,0
I'll accept your offer .,0,0
"No , Nothing will be kind .",1,0
"Good afternoon , sir . Would you like a tea ?",0,0
What do you have in foundation ?,0,0
"Cindy , I'm scared .",0,0
"Now that I think about it , I can see how you missed it .",0,0
"Oh , any chance of a table by the window ? My wife loves the bird's eye view . As it's her birthday , I want it to be a celebration .",0,0
There are some stains that were left in the carpet .,0,0
I've paid for it . Here's the receipt .,0,0
"Good evening , may I help you ?",0,0
Is it possible to make a compliant call to some organization what it ’ s someone gets rip-off .,0,0
Or getting stuck in traffic jams when you ’ re driving .,0,0
"Yes , he was . I'm not imagining it.Finally , just when I got home , I turned around and looked at him.He was just standing there . He didn't smile . He just stood there . It was so obvious.What should I do ? I'm so scared . Can I call the police ?",0,0
"Oh , I see it . Do you have multi-vitamins ?",0,0
"I can pretty sure it can be arranged , the wall is a short distance from the city , but we could make arrangements for driver to take us out to visit the great wall during when our afternoon breaks , I also recommend you to visit Tian'an Men Square and city while you add it !",0,0
Would Tuesday or Wednesday be best for you ?,0,0
I wonder if you can help me . I'm looking for a room .,0,0
"Yeah , I'm gonna go to the bank and change it for bills , but first I have to separate them into little piles .",1,0
How much do we owe you ?,0,0
"No problem . Just give us a few minutes more to pull them up , though . We don ’ t get that many English singers !",0,0
Taxi !,0,0
I wish I had a chance to see it with my own eyes .,0,0
"Jack , could you check your calendar ?",0,0
"OK , I'll take it .",0,0
"Certainly . Here you are . Our health authorities said they were no longer suitable for human consumption . I have to remind you that our terms are CIF Hamburg . I hope you would indemnify us for the loss , so it wouldn't be so heavy on us .",0,0
Do you have cheongsams ?,0,0
It's only $ 24 a month .,0,0
"Will you bring our bill , please ?",1,0
"Britain is half the size of france , but great Britain is still one of the largest islands in the world .",1,0
"Wow , that must have really been scary .",0,0
"Oh , can I keep this little suitcase as hand-luggage ?",0,0
I won ’ t damage it .,0,0
Thank you .,0,0
"Sorry , I can ’ t .",0,0
Yes . There are several data documents about this contract . Please advise me which one I should give up .,0,0
"Yes , I'm very pleased . I've just got two tickets to see the Olympic opening ceremony .",0,0
When can I see it ?,0,0
"By the way , could you tell me when the film will begin ?",1,0
"Hello , Barneys Garage .",0,0
"Yes , that's a good idea .",0,0
"How long would you stay , sir ?",0,0
"Very well , thanks . Nice to see you again . I haven't seen you for a long time . What have you been doing lately ?",0,0
thank you very much .,0,0
"it ’ s not usually included , so you ’ ll have to factor in about 100 pounds more each month for utilities .",0,0
"I would select the individual that has the most qualifications among all the applicants . He doesn ’ t have to be the person if we have to fill the vacancy . But he has to be the best , even if we have to pay him higher .",1,0
"Yes , I'm looking forward to meeting everybody and getting started on my new job .",0,0
"Well , tell me . How was the labor and delivery ?",0,0
Thank you.Steven.That was the most magnificent meal I've had abroad.You ' ll have to let me reciprocate the next time you're in Beijing .,0,0
What do you have in foundation ?,0,0
Yes .,0,0
"It's just the right size--a perfect fit ! I'll take it . Oh , no , I'm a little short . Did you bring your credit card ?",0,0
"The steel sheets and bars come in , as you see , in different sizes and are unloaded onto the delivery bay here . We buy them in from a steel works in Wales . This is the new conveyor belt we installed last year . We doubled our output in this department as a result .",0,0
But that takes too long .,0,0
I'm Amy . How do you do ?,0,0
"I have learned many courses , such as Civil Law , Economic Law , Commercial Law and Administration Law .",0,0
"As long as the foam on my macchiato's not burnt , too , I'll be alright for a while . You got your espresso , Jess ?",0,0
How is your new car ?,0,0
Yes . And it was incorporated with other businesses in 2008 due to the global financial crisis .,0,0
"Please cut the sides shorter , but not so much at the back .",0,0
I think that maybe Chinese families are closer than your families .,0,0
We'll take the route No . 10 .,0,0
"Cash , please . Here is the money .",0,0
No . it's free .,0,0
It ’ s either $ 850 or nothing at all .,0,0
Welcome to IBA . Do you need any assistance ?,0,0
My title was Project Manager . There were almost 100 people under my supervision .,0,0
"You can't do that , Jenny !",0,0
"If you don't mind , Mr . Smith , please go to counter number six to queue up and wait for the service .",0,0
He must be courageous enough to fly in the face of established authorities .,0,0
What you would like me to do about it ?,0,0
"By the way , to tell them try to persuade those new guests to cooperate with us . Because I found a biggest opponent from this post-trip .",0,0
"Thank you , I'll try again later .",0,0
This is just my size . How much is the rent,0,0
When do you leave ?,0,0
"Well , don ’ t just sit there , do something . Come and help me in the kitchen .",0,0
Geez . Is that all ?,0,0
Sure .,0,0
Yes . I ’ ll take four shoulder chops and I ’ d like a small chicken .,0,0
Charles ? Before I start I was wondering if it was ok if I put a small crescendo in here and then decrescendo back to pianissimo again over here ?,0,0
"Robert , this is my friend , Mrs . Smith .",0,0
Neither do I . I don't like any kind of modern dances all .,0,0
"Thank you , sir . Have a nice day .",0,0
Isn ’ t it on the bookshelf ?,0,0
Here's my license and form .,0,0
"Yes , or you'll be late .",0,0
"Yeah , so you make her laugh , you make a fool of yourself a little bit and then you buy her a drink .",0,0
"Sometimes , but not quite often .",0,0
Is a blood test painful ?,1,0
The macadamia cake was out-of-this-world !,0,0
I didn't like my brother's batting around without doing anything useful .,0,0
I know . I ’ ll try to give it up .,0,0
"Good.Now , if you'll just sign here , you can start work in 3 days .",0,0
"I'll go to the Yellow Stone Park , and Great Canyon .",0,0
What are you collecting donations for ?,0,0
"Tom , it's time for you to take a shower .",0,0
What a good idea !,0,0
I remember . What time do they need to be there ?,0,0
"How many courses are there altogether , please ?",0,0
"Yes . I like the dress . It must be the latest fashion . Look , the hem has lowered , and the waist narrowed .",0,0
I want to have a different color carpet .,0,0
Of course ! The hotel has a stable with beautiful stallions for a very romantic horseback ride along the country trail . You can also go fishing to the nearby lake or visit the local vineyard .,0,0
"Thank you , here's your change .",0,0
"All right , I will start working now .",1,0
"Oh , I see . By the way , what shall I do if changes in altitude create pressure on the ears ?",0,0
"I agree . That ’ s why Christopher is already looking for a job in Maine , or Wisconsin .",0,0
"Oh , I see . In what area ?",0,0
"Well , can you explain it to me ?",0,0
Sure . Here is your receipt and you can draw your tax paid for those goods at customs .,0,0
"Well , $ 10 per hour , but I can keep the tips . That comes to roughly $ 80 every evening",0,0
"I have tried . But Americans like butter , bread , sugar , and cream too much .",0,0
Twice a year ? How long has your sister lived in Boston ?,0,0
Is there any difference between Cantonese food and Sichuan food ?,0,0
I have a meeting with my General Manager .,0,0
How long did it take you to become an auditor ?,0,0
How do I do that ?,0,0
Which credit card was the bill for ?,1,0
What can I do for you ?,0,0
"I think women excel in every sport except the ones that are taboo for us to join in , like football .",0,0
Los Angeles is in California . It's southeast of San Francisco .,0,0
"I would like to make a suggestion then , sir .",0,0
"That's true . In summer , the first place people want to go is a spacious room with air-conditioning or a quiet river or swimming pool .",1,0
"Now , I've got it . Thank you .",0,0
"It's only one flight down , sir . Just take the elevator or the stairs .",0,0
What is it ?,0,0
"That ’ d be great , but could I have a cup of tea first ?",0,0
That Kenmore looks nice .,0,0
"Really , Mary , you ’ re horrible .",0,0
"No , I shouldn ’ t think so . But you must take your passport of course .",0,0
Would you like cheese on that ?,0,0
"Are the swim stations open 24 hours , like the rest of the gym ?",0,0
"Yes , I have two large suitcases and one box .",0,0
"Ah , right . How much do I need to spend ?",0,0
Can you call an Ambulance ?,1,1
"No , I ’ m not . Would you please drive slowly and carefully ?",0,0
Did you stop at the big waterfall for pictures ?,1,0
I tell you I must go !,0,0
"I know . But there's no point in making her feel worse , isn't there ?",0,0
Thanks . I need to make a few photocopies .,0,0
"As a rule , we don't allow any commission . However , as an encouragement for businesses , we will allow you a 3 % commission .",1,0
Where is it ?,0,0
"Yes , here you go .",0,0
Well . We ’ re expecting about twenty-five people and we ’ d like to spend no more than $ 20 a head .,0,0
"Sure , it ’ s Josh O ’ Neil .",0,0
"Yes , that sounds like a winner . Would you please call them to reserve a table ?",0,0
"When I was at school , I was quite good at track and field events . I was on the school team for the long jump , 100 and 200 meter sprints and the javelin .",0,0
"Excuse me , are you Sara Wilson ?",0,0
"In my country , there ’ s a time limit on the advertisements that can be shown . I think it ’ s about six minutes per hour .",0,0
"No , is it difficult ?",0,0
"Yes , it helps me but I just have to wait and let my system do the work .",0,0
OK . Thank you .,0,0
he was arrested by the police for drinking and driving .,0,0
Is there a bus that'll go all the way to Sons from PHS ?,0,0
"well , they ’ Ve got the money and she ’ s going tomorrow for treatment .",1,1
"I see your point . However , we have done more business this year than any of the previous years . I am very sorry to say that we cannot advance the time of delivery .",0,0
I ’ m going to need you to show me how to use the machine .,0,0
So what am I going to do ?,0,0
"Bill , do you know when did the Chinese begin to celebrate Teachers ' Day ?",1,0
"Yes , sir . What's the matter ?",0,0
Thank you so much !,0,0
Pardon me . Could you please pass me the tissue ?,0,0
"It ’ s double A , R , O , N .",0,0
But I'm not sure if they're well-rcceived .,0,0
"You see , I've just got married and we are looking at getting on the property ladder with our first home .",0,0
His name is not fat boy ! You can be so rude sometimes .,0,0
"I see . But , many supporters of the bailout argue that it could help save the jobs of millions of hardworking Americans .",1,0
Don't worry . The bus tour is really worth while . You can enjoy the whole city in a single day .,0,0
"Yes , it has . I'm looking forward to seeing you . too . and your new house . Uh . . . when does the party start ?",0,0
"Sometimes , the narrow-minded people make me frustrated .",0,0
"Yeah , that would make things a lot easier .",0,0
"I see , thank you very much !",0,0
Do you have any blue shirts ?,0,0
"Well , the cigarettes and the champagne are not in excess of the duty-free allowance . But according to our law , each passenger is allowed only one camera duty-free . You ' ll have to pay duty for the other one .",0,0
It's a secret .,0,0
What state is west of Pennsylvania ?,0,0
I saw that in the guide.It looks like they have different restaurants and different kinds of architecture.Do you want to go ?,0,0
it ended in a tie .,0,0
Can I have a look at your letter of acceptance ?,0,0
I saw her yesterday.She was a little better .,0,0
"On second thought , you'd better make that second call at 7 thirty instead of 7 fifteen .",0,0
Okay . Here you go .,0,0
But don't you like this place ? I remember when we came to see it we thought it would be lovely .,0,0
Reciting texts really bores me to death .,0,0
You may try to have some alternatives and see how you feel .,0,0
She missed us and asked when we would go back home .,0,0
I can ’ t let you do that .,0,0
"Yes , just over there .",0,0
"Well , I've got an idea , put the label cancer sticks on each pack of cigarettes , and read it before you smoke . It may give you a feeling to reduce it .",0,0
"Yes , it's true .",0,0
We have various colors . How about this one ?,0,0
"An ordinary return , please .",0,0
I'm terribly sorry I can't go with you . Shall we find some other time ?,0,0
Do you offer a safety deposit box rental service here ?,0,0
I'm Helen Baker .,0,0
"Have you moved into your new house yet , Michael ?",0,0
"Ha ha , come on ! Well , I ’ Ve been watching what I eat , and working out three times a week . By the way , I heard your son recently graduated !",0,0
"Yes , I have . I went out with them last weekend .",0,0
"If you'd like further information on this , there ’ s a guidebook in several languages on sale at the information desk .",0,0
Great . She'll be so happy .,0,0
"I'm just thinking about that , but the trouble is , I don't know who is well in the know .",0,0
"Oh , it's the Beijing 2008 Olympics ' Emblem . It's a Chinese seal , meaning that Chinese people warmly welcome the friends from all over the world .",0,0
"Yes , I am looking for a coat .",0,0
I was told I should have the letter sent directly to your office .,0,0
How beautiful the flower is !,0,0
What shall I call him ?,0,0
I only wish it were this time yesterday .,0,0
I'll be glad to do it .,0,0
OK . Please hold on a minute . So you checked in on Monday and stayed 3 nights in single room 1005 . Is that right ?,0,0
How did you know ! They say listening to classical music can make your baby smarter !,0,0
"Nothing else , thank you .",0,0
"Yes , she does . She works at home .",0,0
Have you checked the computer ?,0,0
That's right .,0,0
Our school did . They played really well .,0,0
See you !,0,0
"Dave , there's something I want to talk to you about .",0,0
"Yeah , I can't cook anything until tomorrow , anyway . Let's go to the restaurant nearby . It's my treat .",0,0
Where do you come from ?,0,0
"Well , I don ’ t have any other questions so far . I would like to think for a couple of days before I give you my final answer .",0,0
"yeah.Oh , here it comes ! why don't we watch it together ? they are going to have a court debate in this episode . It should be good .",0,0
I wanna register for this mathematics course .,0,0
I'd like to discuss the new order with you . Would you like to have lunch together at Garden Hotel next Tuesday ?,0,0
"Yes , it is .",0,0
Hey Bobby . What's going on ?,0,0
"I like the apartment , Mr.Sellers . You can show me the lease .",0,0
I really wasn't told anything .,0,0
"Tom , did you see the film last night ?",0,0
"Hello , Walter ?",0,0
We will let you know probably next Monday . I hope to give you a positive reply .,1,0
He's my brother .,0,0
Thank you for calling us . We'll be expecting you next Monday .,0,0
Sounds good . Thanks a lot .,0,0
What's this then ?,0,0
"Yes , it's pretty bright in there and big enough for our children to play .",0,0
"I want to become a professor , a lawyer , an editor , a civil servant ...",0,0
"I'm afraid I know less than you do.Tell me more about her , will you ?",1,0
Can't you make it seven weeks for the prints ?,0,0
What happened ?,0,0
I don't want people to think I'm stingy .,0,0
"No , no , no . I'm not interested in literature .",0,0
"Yes , that will be just as good .",1,0
May I buy a ticket here at the station ?,0,0
"Yes , the snow is fun .",0,0
I believe that you called me ?,0,0
What's your working day like ?,0,0
did you have a fight with Jack ?,0,0
Do I need to pay to use it ?,0,0
Do you have any other plans this weekend ?,0,0
"Oh , I don't like that Restaurant . I don't want to go there .",0,0
But he seems to be very happy with Rose .,0,0
I was hoping to get a few new ties for my collection .,0,0
I was thinking of taking off from September first until the thirtieth . Would you be okay with that ?,0,0
The teacher asked me to make a speech in English class and I wasn't prepared . He punished me by making me stand in front of the whole class . It was so embarrassing .,0,0
I think we need to restart the dormitory sanitation inspection system .,0,0
"There are a few things that we want to do to the place , like painting and carpet cleaning .",1,0
"I don't think the thing can be that serious . You should face the result . Besides , I don't think the position is the best for you .",0,0
Tomorrow afternoon .,0,0
Really ?,0,0
Sure . Here you go .,0,0
"cool down , Harry ! What are you really mad about ? Did you get ripped off ?",0,0
"Well , the government offers its employees excellent health insurance benefits .",0,0
What was the weather like yesterday ?,0,0
Yeah . I think I can find it .,0,0
They are reports of our company .,0,0
Really ? I thought you hated shopping ?,0,0
Tuesday night is when we need the reservation for .,0,0
"Hi , do you know what ’ s for dinner ? I ’ m starving .",0,0
"Whoa , don ’ t you remember ? Last year when I set off the firecrackers , you covered both your ears and hid behind your mother ?",0,0
"She ’ s my wife ! Oh , here ’ s my floor ! Nice talking to you . Goodbye .",0,0
"Not at all . I see you and your family twice a week , and I enjoy seeing my own friends . I ’ m too busy to feel lonely !",0,0
By subway .,0,0
"No , I don't .",0,0
Where are you going to live after you're married ?,0,0
"Oh , thanks , professor Donald.this is very nice of you .",0,0
Yes . We say “ eat well and drink well . ”,0,0
"More than five years now . After I did my engineering degree , I began to specialize in computer technology and I even had my own company for a while .",0,0
Would you like regular car wash package ?,0,0
No . I take public transportation . It's safer .,0,0
"It depends on traffic and distance , but it is reasonable .",0,0
Hold on for a moment please . I'm fetching my textbook .,0,0
I don't know . Check the flyer or check with the produce person .,0,0
Alright . There's a spot open at the far end of the lot . Here's your parking stub .,0,0
I propose a toast to your pleasant tour in China .,0,0
"Take me to the center station , please",0,0
You used to do this by yourself ?,0,0
I've got it all covered .,0,0
When are you going to take your vacation ?,0,0
"I am confused . How could a golfer need so many clubs ? Seems to me , 14 altogether , right",0,0
Very well.This arrangement here is very popular among regretful husbands and boyfriends . It has a dozen long stem red roses with a couple of sunflowers and a single orchid that stands out . It includes a small teddy bear to achieve the effect of immediate forgiveness .,0,0
It ’ s up on the second floor . You have to use the stairs . The elevator isn ’ t working .,0,0
My roommate always wants to play it . But I told her to buy her own game .,0,0
"oh , yes . That would be better .",0,0
Our sniffer dog seems to disagree . Do you mind if we look in your suitcase ?,0,0
"Hey , it's not that bad . The food is nutritious and it's really convenient . I don't want to spend too much time on eating stuff .",0,0
Did you hear about the pilot ?,0,0
I'm sure and I remembered your phone number . I'll call you .,0,0
Fine . I ’ ll bring both our office furniture and equipment catalogues on Thursday .,0,0
If the weather stays nice perhaps we can go to the beach this weekend.It ' s been a while since I've not really gotten some sun .,0,0
Yes . I'd like this shirt to be dry-cleaned .,0,0
"Well , um , sir , the company expenditures on entertainment and travel are out of control . Look at these bills for example . Just this month we ’ Ve paid over twenty thousand dollars for hotel charges !",1,0
In my opinion she will up about soon .,1,0
All right . I'm nearly ready . What time does the bus leave ?,0,0
the only problem is that I'm going to really miss having the freedom that you have with a car .,0,0
I can't afford to .,0,0
Please accept my deep apology .,0,0
"Ok , let's see , well , you've got a long life line , which is good , and the love line is strong ...",0,0
"OK . Come with me , please .",0,0
My income remains the same but prices just continue to rise .,0,0
But I like the feeling .,0,0
"I have passed the five courses required by the Chinese CPA Association , but the certificate won't come to hand until next month . How about that ?",0,0
I could stand to lose a few pounds . Having a car has made me lazy . I never end up walking anywhere !,0,0
"So , you're going to have a really nice vacation .",0,0
Better take the subway . It's far quicker and more convenient .,0,0
"I wonder what he looks like . Oh , I can't wait to see him ! His email said he'd be wearing a white hat . ( looking around for him ) oh , there he is .",0,0
There is a beautiful state park here . I can see why so many people come out here to camp .,0,0
A classmate of mine .,0,0
Well you can ’ t just take the money . You have to ask the bank for money . And I ’ m the banker .,0,0
"Yes , it ’ s reasonably fast but it certainly isn ’ t cheap . Fares have gone up 25 present .",0,0
And the streets are covered with snow .,0,0
What degree do you have now ? :,0,0
You're right . It's only 9,0,0
Indeed . Online banking enables you to make on-line shopping .,0,0
I don't know where to go to find a nice bedroom set .,0,0
OK !,0,0
How about at 6 pm ?,0,0
"Mr . : I'm Mr . Rogers , your homeroom teacher .",0,0
"In fact , we are beginning to make preparations .",0,0
Could you take a slight pay decrease for a chance to move forward ?,0,0
Is there a mailbox in the apartment ?,0,0
Don't worry . Maybe I can find a part-time job to increase my income .,0,0
"Well , we have some special projects coming up . Would you be interested in working on any of those ?",0,0
How long do you plan to stay ?,0,0
Not just working experience . I would say the biggest lesson I learned is how to deal with people from all walks of life .,0,0
"Hello , Marry , this is Lin Wang , calling from network .",0,0
Thanks . Where is our car ?,0,0
Is this the latest edition ?,0,0
Be my guest .,0,0
"Can ’ t be better , it was wonderful . We had a lot of fun there . There was so much joy and walk and breathe the winter air . We arrived at the park at 9 o ’ clock in the morning and didn ’ t leave till 3 o ’ clock in the afternoon .",1,0
Hikers tell me that the cream is best because it stays on longer .,0,0
"I'm not sure , he is a manager I think .",0,0
How many days do you plan to finish reading it ?,0,0
Could you give me some advice ?,0,0
Thank you very much . I will let you know as soon as possible .,1,0
"Yes . Second , as you can imagine , attitude and friendliness go a long way .",0,0
I worked with him for two years . That was the worst time in my career .,0,0
Can I help you with anything else ?,0,0
We're thinking about going to America .,0,0
"Nah , I wouldn't worry about that . But I don't want to be the third wheel . You two should have some quiet time to yourselves .",0,0
How do you do ?,0,0
"So , we could use it to pay for my son's living expenses , not just his tuition ?",0,0
You'd better give up smoking . It's bad for your health .,0,1
I want to have this photo enlarged .,0,0
"Looking at the spice rack , I ’ d say you ’ Ve been learning how to make asian food .",0,0
I need to continue to deal with my business . I haven ’ t finished it yet .,0,0
I advise that step be taken in power supply first .,0,0
Do you eat a lot of vegetables ?,0,0
"Thank you very much . Here's 10 $ , keep the change , please .",0,0
"where are you going to work then , in Australia or back in China ?",0,0
"Well , yes . Thanks , there's no trouble at the moment .",0,0
I don't really feel too well yet .,0,1
If you want I'll let him know if I run into him .,0,0
"Mom , what were movies like when you were a kid ?",0,0
"Yes , my wife is coming to get me .",0,0
"Well , you get used to it , different countries have different manners .",0,0
My house was robbed last night and the thieves stole all my furniture .,0,0
"Get in this door young man . It ’ s midnight , you are two hours past curfew .",0,0
Thank you.You ' re so considerate .,0,0
"So , 1,2 and 3 are prime numbers , but 4 isn ’ t because 2 * 2 = 4 .",0,0
It is too bad today .,0,0
Maybe I could help .,0,0
"Actually , you do owe some fees .",0,0
"It's time to graduate and it's time to find a job . Susan , why do we need to find a job ?",0,0
"Oh , are the connections correct ?",0,0
All in the local market . One or two suggestions that came in from the distribution might interest you .,0,0
"Yes , but the results are not so satisfying .",0,0
"Until this investigation is finished , will I have to pay for the charge ?",1,0
that's pretty harsh .,0,0
Our philosophy teacher is very humorous .,0,0
Either something in the hotel business or something to do with travel .,0,0
I really enjoyed that film ! What about you ?,0,0
"No , sir . Would you rather sit near the dance floor ?",0,0
Ah ! It hurts . Don't touch it .,1,1
"I'm sorry , Sir , but you will need to come in to your local branch to deal with the application procedure . Come in and fill out an application form and let us have a duplicate of your ID card . You'll also need a copy of your guarantor's and he or she will need to sign the form , too .",1,0
"You ’ re welcome . You know , these days I have been reflecting on my biggest weakness procrastination . The more I think about it , the more I hate myself for being so disorganized . I decided to change the situation as soon as possible . Otherwise I will be more regretful later .",1,0
"Usually for lunch , we don't have to reserve a table , they should allow walk-ins . But to be on the safe side , I'll order a table for half-past twelve . Will that suit your schedule ?",1,0
I don't know how to deal with Jack . He is indeed a trouble maker . He has loused up my business several times .,0,0
What in your opinion can be done to stop smoking ?,0,0
sorry to hear that . It seems you have sacrificed a lot to work away from home .,0,0
Guess what ? I've got great news !,0,0
"Give me your email , would you ?",0,0
"Yes , I know . It ’ s not the first time I ’ m taking this ! Don ’ t worry , I won ’ t overdose !",1,0
I ’ m studying for my chemistry exam tomorrow .,0,0
"As a matter of fact , he is .",0,0
Would you please tell us how to review our lessons ?,0,0
maybe . How about a mochaccino ? Are they any good ?,0,0
"Look , the aliens are sending a message to Mulder . This rocks !",0,0
"No , just tomatoes , please . And large fries .",0,0
"Yes , I will . Have a nice flight back .",1,0
Perhaps the food was bad .,0,0
Thanks . Try not to work too hard while I ’ m away !,0,0
"Well , Peter . I'm sorry you're ill . What's the matter with you ?",1,0
She already bought that evening gown .,0,0
Sure . We've helped more than ten thousand people buy and sell houses . We're the No . 1 realtor in this community . I recommend this house ( He points at a picture ) .,0,0
You can always wash cars and sell candy .,0,0
"no , of course not . Go ahead .",0,0
"I'll tell you what , I'll go over the number again with our financial team and see what I can do . I can't give you any guarantees . But we can try .",0,0
"No , you can't , darling . The grass is wet .",0,0
So I take it you're pretty bored too .,0,0
What makes is so great ?,0,0
"I bet you eat a large evening meal , then sit and watch TV or read a book . Then instead of burning off your energy , your body stores it as fat .",0,0
"No , nothing changed .",0,0
Kathy ! How are you ? It's been ages ! What are you doing these days ?,0,0
"It's been a long time , Mrs , Lee .",0,0
"Yeah , I worked as their customer support manager , which brought me a breadth of experience in both client care , and process management . I supervised and coordinated the customer support team as well as implemented new strategies to achieve better customer satisfaction .",0,0
Hi Jackie . You don't look too well . What's going on ?,0,1
"Hey , Ann . You don't have a pen , do you ?",0,0
Why don't you call back later this afternoon ?,0,0
"No , dim sum is more Cantonese style.But of course you can buy it in Taiwan .",0,0
Is it nice ?,0,0
Absolutely ! We were never still for too long . But now I ’ m really looking to settle down .,1,0
It's Saturday . Could you make the time ?,0,0
"Yes , there is shrimp in there along with sea vegetables and lemon grass .",0,0
I would like that . Thank you .,0,0
How much is an airmail letter to Japan ?,0,0
Do you mean you want to sell up your company of your own ?,0,0
"What ? You don ’ t love me ? Me , either .",0,0
$ 10 per hour .,0,0
Thank you . Have a nice trip .,0,0
Excuse me . Do you think I can get there in time to catch the 11:30 train ?,0,0
"It's very thought-provoking , isn't it ?",0,0
"There ’ s some , but I don ’ t think it ’ s a big problem . A lot of it is petty crime , burglary and car theft . There ’ s very little major crime .",0,0
So am I .,0,0
But it's really too important to me .,0,0
Did you make it to school today ?,0,0
That's right.The bus tour is really efficient and cheap .,0,0
Now we have to walk all the way down to the end of the street .,0,0
Of course .,0,0
What happened ?,0,0
I would like to . but I'm not good at it .,0,0
I'm from the other side of the coast--Los Angeles .,0,0
I'm not surprised . She's a plain Jane .,0,0
"I'm in Beijing , at the Weston Hotel .",0,0
What came up ?,0,0
Is the place well-furnished ?,0,0
"No , Ah ... single sellers .",0,0
"Mr . Lee , all ready to check out ? We ’ Ve already prepared your bill , and housekeeping has done a quick check of the room . How will you be paying ?",1,0
Yeah . I need to get some stuff .,0,0
Yes . You've got to cut down on bread and potatoes and take more exercise .,0,0
Then what should I do ?,0,0
"Hello sir , may I help you ?",0,0
I want to apply for a passport here .,0,0
OK . But where is my favorite coffee ?,0,0
I am a journalist . I write for China Daily .,0,0
It's true . I would never go there again either.Country music is a nightmare . So is it the Latin Club ?,0,0
I'll buy it later on today .,0,0
That's all right .,0,0
It was around 1 thirty in the morning . I guess I didn ’ t fall asleep till 3 because those numbers were involving in my mind . I just couldn ’ t stop thinking about them .,1,0
"Yeah , I've been out of town .",0,0
"I ’ Ve been having a little trouble breathing . Would you look into that , please ?",0,1
I am starving .,0,0
"Yes , I am studying in Eastern Asian language department .",0,0
You don ’ t like the dog ? I promise I will never bring it with me !,1,0
Thank you . I'm glad that you don't believe that your guests are liars .,0,0
When are you off ?,0,0
"Oh , let me guess . Through the internet ?",0,0
Oh . I don't think I can afford that . How about this one ?,0,0
I'm sorry.It ' s out of season now .,0,0
I need some flowers for my wife . It's her birthday .,0,0
Is Tom available please ?,0,0
Yes .,0,0
Great !,0,0
"Okay , this sounds a little tough , how am I supposed to practice for this ?",0,0
Ok . I hope you can have these goods delivered before the end of September . We'd like them to be ready in time for our Christmas sales .,0,0
Do you think you could finish it in three days ?,0,0
"I have no idea . Measure me , please .",0,0
Oh ... I go to see my sister twice a year or so .,0,0
I have to go to court ?,0,0
I saw on the tv yesterday that there has been another earthquake in Iran .,0,0
"Yes , you're right . Politicians of all kinds , religious people , and one or two madmen .",0,0
That would be good .,0,0
"Oh , so you're a teacher .",0,0
"Yes , it is lovely . I have been expecting something like this for a long time . Thanks ever so much .",0,0
"That's because you're talking to me all the time . Be patient , or there will be no chance to have sashimi for dinner today .",1,0
Let me think about it .,0,0
No . you go ahead and putt it out . Then I'Il go .,0,0
"Yes , I think so too .",0,0
Yes . My name is Laura Wills .,1,0
I see . Thank you very much for your advice . Bye .,0,0
"I'm just browsing , thanks .",0,0
"To be honest , I don't really like doing either one , I can't cook and I hate cleaning .",0,0
"Yeah , how often do you go ?",0,0
"Paper , please .",0,0
What's the problem ? We really can't have any delays at this stage . We're working to a really tight schedule and we're already over budget .,0,0
Sure .,0,0
"No , I just want to meet you .",0,0
Just walk north for 3 blocks . It's next to the Mexico restaurant .,0,0
He sometimes really drives me crazy .,0,0
"Yes , there is one at Sanyuan Bridge . It is a famous restaurant in the city .",0,0
Do you have change for a hundred ?,0,0
no . they don ’ t . they simply charge higher prices at peak times . Is there no limit on the amount of advertisements that can be shown on tv in your country ?,0,0
You will be going northwards . You are now in the the Western part of the city and the Allied Irish Bank is situated in the North East . Here's a rough sketch of the area .,1,0
So tell me about it !,0,0
"What ? Speak up , Janey . I'm afraid I can't hear you .",0,0
OK . I gotta call mine too .,0,0
"Well , I'll take them .",0,0
Not much make up .,0,0
Do you think that I should get a new wardrobe ?,0,0
It happened this morning .,0,0
Can you give me directions to the office ?,0,0
Yes .,0,0
"Yes , It is the right one .",0,0
Do you know this song ?,0,0
That will be best . I'd like to have a good rest first .,1,0
I'm not sure .,0,0
Maybe we should start shopping around the competitors people .,0,0
I'd like to buy some Chinese-style cakes . Could you recommend me some ?,0,0
"Oh , now I understand ! So , you've already used up all your amenities ?",0,0
I swear that I didn't mean to run it .,0,0
"Ok . So for one month , reduce the number you smoke by one a day . At the end of the month , you'll have quit . You should also buy a tracksuit and go jogging every morning . You don't need to jog far .",0,0
"Can I help you , sir ?",0,0
Are you leaving ?,0,0
"Well , what are you going to do now ? Have you made any plans ?",0,0
"L / C stands for ' letter of credit ' . This is necessary for trade between two countries . A Letter of Credit is quite literally that — a letter addressed by the buyer's bank to the seller's bank stating that they could vouch for their good customer , the buyer , and that they would pay the seller in case of the buyer's default . Nowadays , it's sometimes used for domestic trade too .",0,0
What ’ re you doing now ?,0,0
"Wow , like how do they train the dogs ?",0,0
It's really nice .,0,0
"That sounds terrible the way you describe it . But you know , not long ago I really suffered on the bus .",0,0
How about Daniel ?,0,0
"But where have you been , Alice ? You're over an hour late .",0,0
One more from Carla .,0,0
I doubt it .,0,0
"You have a temperature , but it's nothing serious . It's probably just the flu . I'll give you a prescription . Take this to the chemist's . Take one tablet every four hours . You should stay in bed tomorrow , and drink plenty of lemon juice .",1,1
How many potatoes do you need ?,0,0
"We can ’ t . if we went that fast , we would break the speed limit .",0,0
"Great , so we can afford the new apartment after all !",0,0
OK .,0,0
What characteristics should an interpreter own ?,0,0
"No , it's quite simple . When you get on , just ask the bus driver when to pay the fare and where you want to get off .",0,0
Great ! Do you know someone else who is also looking for an apartment ?,0,0
Nothing . I think I'll take the job .,0,0
"Yes , but I'm very busy with work.And you know how it is , sometimes people don't visit the tourist sites in their own country .",0,0
"hey , what if the three of us go to the beach together ? Besides , you and Bob haven't seen each other for a while . I don't want my best friend and my boyfriend to be complete strangers .",0,0
We ’ ll then make an offer as soon as possible . I hope a lot of business will be conducted between us .,1,0
"Follow me , please . How do you like this one ?",0,0
"Yes , I want to know exactly where the money is going . Give me a detailed report .",0,0
"No . it ’ s unfurnished . It has a kitchen , but no oven.There ’ s a garden in the back , but the tenants can ’ t use it.The landlord lives downstairs.Friends are forbidden in the apartment after midnight . No noise and no television after 11",0,0
What size pan were you thinking of ?,0,0
How ’ s it going ?,0,0
Is my hair done yet ?,0,0
Thank you for your compliments .,0,0
"I'm from Korea . My parents wanted me to go to an American university , so I came here .",0,0
And I've got to drive.You know I'm not fond of that . I found it much more relaxing to sit in the train .,0,0
Er ? I am driving right now . Can you call back in 30 minutes ?,0,0
let me just grab your file . How long have you worked for us now ?,0,0
I am going to invite other guys . See you that day .,0,0
"Come on in.Let me show you the house.Isn ' t it something ? Spacious , bright and clean.And the walls were newly painted.Have you ever seen such a nice house ?",1,0
Thanks .,0,0
How ’ s it going ?,0,0
What a nostalgic food !,0,0
"Very good . Now , I have a couple of final questions .",0,0
"All right . You need to have an interview with our manager , Mr . McBride . Let ’ s go to his office .",0,0
"Yes , I have brought them with me . Here they are .",0,0
Good morning Mr . Li,0,0
"Yes , it was a very evenly matched game .",0,0
What do you plan to do for your birthday ?,0,0
"Yes , but look at it this way , getting rid of the carts probably gives more work to local people , which is a good thing , right ?",0,0
My car broke down .,0,0
I need to make a copy of a document as soon as possible .,0,0
I worked hard too . But she always gives me a lower grade .,0,0
Seriously . The only tax I don't mind them taking is social security . It's only a few dollars every paycheck .,0,0
"Yes , I did . Can you call after 7 p . m . ? I'm usually out in the daytime .",0,0
Core courses are ones that you must take . Elective courses are ones that you get to choose for yourself .,0,0
"I think an advertising planner should have active thoughts , creative talent , and be sensitive to the changes in the market .",0,0
I need some remedies for an upset stomach .,0,1
He'll never do well in mathematics .,0,0
Tonight is a party night ! What drinks do you think we need ?,0,0
"Okay , thanks a lot .",0,0
Sure.That ’ s not a problem.Do you have the list of courses you want to taketh semester ?,0,0
what kinds of decisions do you leave to other people ?,0,0
Oh . I just can ’ t forget it .,1,0
"Oh , yeah . I forgot tax . Give me four then , please .",1,0
"Yes , please .",0,0
"Find out what other companies charge for the same products or services . Price yourself near the low end . Don ’ t be much cheaper than everyone else , because many customers distrust very cheap things . Th",0,0
What's going on ?,0,0
"Yeah , I like her way of teaching . She told us not to cram for exams , and to pay more attention to communicating than memorizing .",0,0
"I'm not comfortable about this , Sandy . I don't understand most of these games .",0,0
OK !,0,0
A chess board ! Daddy is going to teach you how to play !,0,0
Our products are of good quality.Since the prices of textiles have gone up in the world market we've had to increase them on some items by about ten percent.If you place a large order it is possible for us to cut down the prices by five percent,0,0
"You can have more than 1 key if you'd like , but we must have signature cards for each box .",0,0
"Oh , do you ? Good .",0,0
What's her last name ?,0,0
Yes . My name ’ s Mark Benson . I just started a couple of weeks ago .,0,0
I ’ d rather you typed it .,0,0
Ha ! It's not like you've ever been one to beat around the bush .,0,0
I don't know why Mark often comes to me and asks me for advice . I smell some rat in it .,0,0
OK . I know . Thank you .,0,0
"No , they stayed home and played cards with the children .",0,0
"If I'm not back in ten minutes , come and find me .",0,1
We're ready to place our Christmas order and we need a formal bid .,0,0
"Hey , Wen ! Welcome to D . C . ! Glad you came out to visit !",0,0
"No , I ’ m afraid not .",0,0
"All set . May , can you help me take all these things to the living room ?",0,0
"Thank you , sir .",0,0
The doctor said I had to be careful .,1,1
I would be willing to put in a different color carpet if you pay the price difference .,1,0
That's great news ! You look much more relaxed than you did yesterday .,0,0
"OK , wait for a moment . Well , I am sorry , but we are not authorized to exchange coins because it is low and we do not have enough foreign coins . In this case , you'd better change 2,000 $ to Swiss francs .",0,0
Are you married ?,0,0
"In my parking lot , at 2pm .",0,0
"Yeah , fortunately it did not cause a disaster .",0,0
"No problem . Actually , we have some great packages . The most exciting season of Hawaii is now . How about a relaxing vacation in Hawaii ?",0,0
"I don't have any with me , but I think I could manage to bring a free copy home for you .",0,0
It makes no sense to tell him about that .,0,0
"Have a nice journey , Lily .",0,0
I suppose a proposed a law needs the support of the big political parties .,0,0
"Oh , no , I'm afraid not . These things are just too old to guarantee anything .",0,0
Everywhere I go ?,0,0
I voted for him .,0,0
I think you have chicken pox ! You are contagious ! Get away ! Don ’ t breathe on me !,0,0
Really ?,0,0
Here are some.They ' re on special sale these days .,0,0
Make it tighter . I want the blood stopped.Then wrap some bandages around the cut . Then we can go . Ouch ! I hope I can walk .,1,1
"Thanks , Hugh . I owe you one .",0,0
"I'm in a bit of a hurry today , so we'd better make it to go . Thanks for asking .",0,0
"Yes , of course . I can't wait to be there .",0,0
"Hmm , that ’ s a tough question . But I would have to say my passion . I ’ m really passionate about journalism and passionate about my career .",0,0
How much do you charge ?,0,0
"Green , G-R-E-E-N , but just call me Mary .",0,0
"No , not out of order . But we seem to have a bad connection on the phone line . I can ’ t hear you clearly .",0,0
So that we can sit down together and listen to some music .,0,0
What ?,0,0
Yes . I ’ Ve won the first prize in the math contest .,0,0
You ’ re darn right !,0,0
Thanks .,0,0
"No , I can't see that happening . I know you're a good cook and nothing like that would ever happen .",0,0
"Yes . I've been through them and there's a problem , a rather major discrepancy actually . You see ? It should be KN509 .",0,0
"No , I'm not .",0,0
"Oh , hey , how about a new car ? They've got easy loans now . You'd feel so good driving a new car .",0,0
Will it be all right to visit you this evening ?,1,0
That is a long way to go . It is so kind of you to help me . Thank you very much .,0,0
Guess what came in the mail today ?,0,0
I'd like to mail this letter to Taipei .,0,0
I don't know ! The picture went blank all of a sudden . It's probably the picture tube .,0,0
How about oil or spray ?,0,0
"Well , I ’ Ve got some papers due .",0,0
"He is in his office , but you'd better choose your words carefully while talking to him .",0,0
"Your price is rather out of line , much higher than we expected . We can't buy with your offer .",0,0
"Yes , is there something wrong ?",0,0
That's a lot of work .,0,0
Leaving on September 5th and returning to New York City on October 9th .,0,0
Not at all .,0,0
Only about twenty minutes .,0,0
Here you are . Keep the change .,0,0
My cigarettes .,0,0
Here are some nice brown hats.Try this hat on.It ' s a very good one .,0,0
"Yes , I got married to a man that I met shortly after I divorced my first husband .",0,0
Be confident . Wear styles you ’ re going to be comfortable in .,0,0
There is no pepper here .,0,0
Could you give more detail information about some of the industries you just mentioned ?,0,0
"Yeah , I suppose you wouldn't want to see that , huh ?",0,0
She must be an honest person .,0,0
10:00 AM . When am I supposed to check in ?,0,0
Tell me more .,0,0
Not very well . I haven ’ t found anything within my price range yet .,0,0
"OK , thank you .",0,0
That's alright . Make sure everyone knows that we must stick to the new deadline .,0,0
"Hey , Frank , there is that Janet chick .",0,0
How was Mei ’ s party on Saturday ?,0,0
I'm afraid you'll need to have your visa extended before we can have you check in .,0,0
I'm glad you like them . They are all made of silk . Here on display are all the most popular and favorite products . What items are you particularly interested in ?,0,0
"yes , we are . obviously , we'd like something as cheap as possible . we've heard that there are places for 80 to 100 pounds a month .",0,0
I want to have Mexican food for dinner .,0,0
Really ? Who made that rule up ?,0,0
Is six o ’ clock okay ?,0,0
"I can handle that . I can operate word - processor , fax machine , photostat , and other office equipments .",0,0
"Isabelle , you know I'm not interested in fame .",0,0
"Yeah , yeah , yeah ! They wipe out tight , tired feelings and remove lines and age signs . Blah , blah ... See , I can even recite it .",1,0
May i speak to David please ?,0,0
"Have a nice day , bye !",0,0
I'm sorry to tell you that I have to cancel our appointment .,1,0
Is she as clever as you ?,0,0
"Yes , we have a showroom not far away from here , Mr . Black . Are you free now ?",0,0
OK . Thanks a lot .,0,0
I know .,0,0
What ? No kidding !,0,0
"Okay , I'm coming downstairs now .",0,0
"I see . There was also the famous ping pong diplomacy , wasn't there ?",0,0
I'll talk to my husband about it ; I'm sure he'll say yes ! He loves Switzerland !,0,0
"With everything , with everybody , with all this !",0,0
"Fine . I will be there around two . If someone is not there , I will use my key to get in .",1,0
"Yes , He had just bought a new motorcycle .",0,0
"Let me check you out of your old room , you have to sign here , and acknowledge these changes and also the charges to your previous room . Then I can hook you right up to room 1780 .",0,0
I'm in computing . I work for Macrohard .,0,0
"Look at him , he's buff .",0,0
"No , we don't . I am sorry . It's 30 dollars and 10 cents in total .",0,0
What is the next step ?,0,0
"while you ’ re cleaning the cooker , I ’ ll wipe the worktop . That was a great meat , by the way .",0,0
"It is , buy remember that we only have a few minutes to make our presentation . We can select cities from each part and give data for each one .",0,0
They're still fighting hard.Let ' s wait and see .,1,0
Is it free of charge ?,0,0
I'm catching the 11:00 train .,0,0
She looks very beautiful . She is a nice girl .,0,0
"Yeah , you seem to like those styles .",0,0
"Hello , may I speak to Alice please ?",0,0
"No , I'm proficient in both written and spoken English , but I can only carry on a simple conversation in French .",0,0
We could try it for the first few weeks and see if she likes it .,0,0
I'm sorry that I was absent yesterday .,0,0
What kind would you like to open ?,0,0
Exactly .,0,0
I understand . It's good you came to the emergency room .,1,1
We are going door to door .,0,0
I'm going to give you a ticket .,0,0
I was wondering if I could borrow the company van for a fundraiser this weekend .,0,0
The styte is OK . Which country is this made in ?,0,0
"Not really , Betty . What do you need ?",0,0
Don't be so sure . He loves the vase I bought here last week .,0,0
What kind shall we get ?,0,0
"Hi , David . You are very difficult to reach . I called several times . But I kept getting a busy signal . Is your phone out of order ?",0,0
"Well , in that case I guess maybe you can be more understanding . You shouldn't let a trivial thing like this stand in the way of your friendship . After all you can go to the beach anytime you want .",0,0
"Really ? I had no idea . Let me check.Yes , it's dead . There's no dial tone .",0,0
"I have experience in computer operation , proficiency in Microsoft Windows , Microsoft Word and Microsoft Excel .",0,0
Take the No . 7 bus . There's a bus stop just over there .,0,0
"Yes , I do . Everyone ’ s really friendly . Sometimes , I wish I worked outdoors more , especially during the summer .",0,0
All right . That sounds fair .,0,0
"Because your bank is a new one , I think I'll be given more opportunities , and the working conditions and surroundings are so excellent here .",1,0
How long have you been living here ?,0,0
"But thats only in the cities , isnt it ?",0,0
"I guess the first thing is the price , the second is the size , and of course the color will play a role too . But I have to be honest . It is our today ’ s responsibility to take care about our environment . Therefore , I will also pay attention to the fuel consumption of the car . You know , the rise in gasoline prices is huge . So I would rather to consider a smaller car with smaller engine . For which I can also save some tax . Last of the list , I also consider the safety .",1,0
Of course . That's what we deserve .,0,0
"Yes , I do . I have a Current Account , a credit card and a mortgage with you already .",0,0
So it looks like we start selling in the U . S . next year .,0,0
Buenos Aires .,0,0
What else do I have to do ?,0,0
"I heard about it , but I don't have any clothes made from silk .",0,0
"Well , then , would you fill out this PIR from ? And also we need your signature here .",1,0
Four by six will do .,1,0
That's true.Just hope Wendy can recover from the pain of divorce soon .,1,0
"Talk to him , try to cheer him up when he is down and if that doesn ’ t work , I say get rid of him and get a new one !",0,0
"Not at all , guys also get facials , manicures and pedicures . There is nothing wrong with looking after your skin and looking good .",0,0
We should plan to move out of here before July . I'm tired of living in apartments .,1,0
"Miao Ping , in your opinion , should we go for the Type A or Type B Account ?",0,0
I've never done that before . Will I lose all my files ?,1,0
"Linda , I wanted to tell you how much I enjoyed our time together last Friday night .",0,0
"Ok , good luck . See you",0,0
I heard it is only about one hundred twenty dollars a month for 8 lessons .,0,0
I think so . I see it by the radio this morning .,0,0
This is the right place . Please join us .,0,0
"Sure . She is the ideal girl , the one I had dreamed of .",0,0
Can you tell which team seems to win ?,0,0
I like champagne .,0,0
What did he say ?,0,0
I had a great time too and was thinking that maybe you might want to join me for a hike to the waterfalls on Saturday .,1,0
"I would like my margarita with no salt , thank you .",0,0
Maybe you should consider going to a hot springs resort outside of Beijing . I heard they are very relaxing .,0,0
Why ?,0,0
My name is Helen Levin . I'm the HR director of our company .,0,0
"I swear never to drink again . Just give me another chance , please !",0,0
"yes , but I have a few questions for you .",0,0
"I know you don ’ t want to pay for a job , but I think it ’ s time we consulted a headhunter .",0,0
And don ’ t ever forget it .,1,0
I can agree to that .,0,0
I am thinking about the popcorn shrimp . How is that ?,0,0
"The idea is that the people and dates change , but the reason why things happen stay the same .",0,0
"Just a moment , sir . Let me check the reservation list . Sorry , I'm afraid we're fully booked tonight . Would you like to make a reservation some other time ?",0,0
So I will cut the sides just above the ear . Is that good ?,1,0
How many of you ?,0,0
"Hi Amanda , how are you ? I've missed working with you and the whole gang since my transfer last week .",0,0
Good morning ! Welcome to our office !,0,0
"Come on , Tara . Let ’ s go up to the window and buy two tickets . The movie is starting in a few minutes .",0,0
"Good , morning ! Can I help you ?",0,0
Hello ! We ’ Ve been waiting for our lunch order for over an hour . Did you forget our order ?,1,0
I can tell you what kind I like .,0,0
"Don't forget the sun block lotion . You don't want a sunburn , do you ?",1,0
Three years . They've been dating since freshman year . They're even talking about marriage .,0,0
Wow . He's heavy ! And his skin feels really cool .,0,0
Same to you .,0,0
My feet is size 37 .,0,0
Is there any produce on sale ?,0,0
Sure . I'm really sorry for the trouble I've made .,0,0
"Those are possible problems , but tell me , when you turn the key , do you hear the starter motor crank ?",0,0
"Oh , yes . The ski slopes are well lit . It's really nice to ski at night . Why don't you learn to ski ?",0,0
What did you say ?,0,0
It's a good way to save money .,0,0
The rent is $ 725 each month .,0,0
"Li Lei , can you tell me what the origin of Easter is ?",0,0
"Right now I'll teach you to open files , save files and copy files . Are you ready ?",0,0
Go alone if you want . I will wait at that cafe and have a soda .,1,0
Welcome to our shop . It seems you are interested in this dress .,0,0
Would you like it with salt or no salt ?,0,0
I love it when the weather is like this.Why don't we sit down outside and have our lunch ?,0,0
I feel exactly the same way as you .,0,0
"Dude , what are you talking about ? Only girls do that .",0,0
Welcome here again .,0,0
It's very impressive . Can you use the Internet on your phone ?,0,0
An impressive officer is vital to the image projected by the company .,0,0
You don't sound too excited about going to your reunion .,0,0
"You take the D train on the downtown platform , and go three stops .",0,0
It's DG193445782100 . Can you find it ?,0,0
"So , show me the note please .",0,0
"Good morning , Passport , please .",0,0
"Hi there , Philip . How ’ s everything going ?",0,0
You shouldn ’ t work so hard .,0,0
All right . Another time then .,0,0
"How about some chicken , ground beef , and some steak .",0,0
"In the past , our welfare program has consisted of benefits packages only , meaning partial health insurance coverage and retirement plan . But we hope to boost morale by increasing incentives and adding additional welfare considerations .",0,0
"Well , that is the chart showing our company ’ s organizational structure .",0,0
Everything you are doing is perfect .,0,0
Where did you go to university ?,0,0
Is everything ready for the big family barbecue tomorrow ?,0,0
I have a tuition scholarship from the university . Otherwise I ’ m on my own .,0,0
Sounds real good . It's a pity that I missed that .,0,0
Not yet . But I am still looking through the classifieds . Wish me luck .,1,0
Are there many idioms in English ?,0,0
I had no idea .,0,0
good for you . I know many people just leave their blogs alone after the first few months .,0,0
I came to see my aunt .,0,0
"Big talk , I ’ d say . He does not have a girlfriend yet .",0,0
May I try it on ?,0,0
In half an hour . The surface of the lake is calm .,0,0
Yes.Does that mean I'll have to pay duty on it ?,0,0
That's not as complicated as you suppose .,0,0
it gives me a lot of pressure and I feel depressed .,1,1
"All right . Oh , I nearly forgotten , I left my sneakers at my office .",1,0
"Well , if he can become president , then I can at least get a promotion .",0,0
"You are booked , Ms . Green .",0,0
I saw her yesterday . She was a little better .,0,0
"Yes , It does look a bit sore.Let ’ s take your extra way of your chest and give you a few tests .",0,1
Let ’ s call it a day .,0,0
I think so .,0,0
How is everything going on ?,0,0
"Miss , I just can't help you on this . I'm a pharmacist , not a doctor . And there are other customers I need to help now . I know it is frustrating when this happens.But there is nothing I can do about it . I'm sorry .",1,0
The end of this month .,0,0
"I wish I could . But you even don ’ t have a B . A , so I ’ m sorry to say there ’ s no chance .",0,0
"Hold the line , please . I'll put your call through .",0,0
I'll take it .,0,0
Thank you for choosing Bruno's . We look forward to seeing you on the 2nd .,0,0
"Alright , Ma'am . And what color did you want ?",0,0
Arriving the 25th of September and leaving on the 28th ? Three nights ?,0,0
"But sometimes they offer some useless proposals , it's awfully useless .",0,0
Which classes ?,0,0
"Nothing really , why , what ' s up ?",0,0
I'll try that . Do you have facial cream to go with that ?,0,0
"Oh , she is .",0,0
"Good morning , Maintenance Department .",0,0
"It sounds good now , but I'm traditional . I want the degree , so I wouldn't have accepted the offer .",0,0
"Just to the bottom of my ears . By the way , I'd like a shave , too .",0,0
What do you want to study ?,0,0
"I'm not sure . Medium , I suppose . Maybe a little on the heavy side .",0,0
"Cool , give me a pint of Heineken and half a pint of Bud .",0,0
We could make it lower for you . What's your counter-offer ?,0,0
Mistakes are just a lessons to learn from .,0,0
I hope so .,0,0
It ’ s my treat this time .,0,0
"Well , I ’ m from Chicago . There few people take the time to get to know their neighbors .",0,0
no . what's it like ?,0,0
And look out she's dressed .,0,0
"Well , it could be me too . But I am not too worried . This place is suffocating me with this boss being such a hard-ass and colleagues who barely know how to get dressed in the morning . It would almost be a blessing to be fired from this place .",0,0
It's for myself .,0,0
"Susan , just one last week I went out to have a lunch with her . There is nothing for you to be jealous about . I like your company much better than Janet ’ s .",0,0
Yes .,0,0
"No , I didn't . I'm innocent . Those aren't mine . Whatever you found is someone else's stuff . You can't prove anything . I wasn't there when you went in , and you can't prove it's my stuff .",0,0
"Yeah , that's why I'm here . My friends dragged me here , because they think I spend too much time studying .",0,0
"Yes , it's really a surprise . How are you ?",0,0
"Excuse me , waiter , would you please give us a menu ?",0,0
Thank you for a very enjoyable evening and your hospitality .,1,0
The toaster is over there on the kitchen counter . Help yourself .,0,0
They are . We can find many different kinds of flowers and insects in the park .,0,0
"Well , how does it look ?",0,0
No trouble at all .,0,0
"I see . So let me get this straight . If I borrow let ’ s say , ten thousand dollars , how much will I have to pay each month ?",1,0
Nothing really .,0,0
I just think it will be a little difficult for her to be away from home for so long right off the bat .,1,0
There're a lot of suspicions that the International Space Station is never going to become reality . Is it going to be some future project that never happens ?,0,0
I can't forget about this when next time .,1,0
"You are an early bird , Tom . What do you do in the morning then ?",0,0
Yes .,0,0
Right . Cool ! Let's go !,0,0
It's not even noon yet .,0,0
It is depressing to hear the price goes higher and higher .,0,0
It sounds great . How much is the rent ?,0,0
I found cockroaches in my room .,0,0
"I must , if I want to pass the course .",0,0
What's the trouble ?,0,0
"Fine , sir . For how many people , please ?",0,0
"Hello , Mr . Sun .",0,0
I want to take part in the bus tour . When does the bus leave ?,0,0
How was it ?,0,0
Did you take any pictures ?,0,0
"Ladies and gentlemen , now we are in the National Forest Park .",0,0
Why not ?,0,0
"It's me , sir . But I am sorry I have forgotten to prepare for it .",1,1
How much is it ?,0,0
High blood pressure is called the silent killer because it hardly ever has symptoms .,1,0
Autumn . Autumn is the best season in Beijing .,0,0
Never mind the getup.She ' s beautiful !,0,0
It ’ ll only take me a minute to complete your transaction .,0,0
"Oh , come on . I will be back as early as possible .",1,0
"Excuse me , do you go to the Central Park ?",0,0
"I'll have a whole-wheat loaf , three white loaves , a baguette and ten rolls , please . How much is that ?",0,0
"Cool , fellow , what's the date today , buddy ?",1,0
"I don't think we will be able to pay the price . To have this business concluded , you need to lower your price at least by 3 % .",1,0
I'm going to go hiking . Do you want to join me ?,0,0
"Well , the scene of the hero's struggle with enemies impressed me the most .",0,0
I see . How about buying and selling items ?,0,0
Anything else ?,0,0
"Certainly , sir .",0,0
I had fun talking to you .,0,0
We just decided to stop seeing each other . It was all very amicable . Are you still going out with mike ?,1,0
"That one , the one that says , “ Mail . ”",0,0
"Aha , but how do you prevent it coming into your life and taking oversour evenings and at the same time perhaps get . . . get out of thetelevision some of the sort of best things ... best programmes that ... that undoubtedly are on television ?",0,0
That's the most important thing .,0,0
"Doctor , I have a bad cough and a headache .",1,1
"Usually , if the problem is insignificant I advise the customer to go ahead ; it's normally a translation problem or something like that . But this does seem a little more serious . I suggest you get back on to them right now and ask them about it . Hopefully you can sort it out over the phone .",0,0
What about cheese cake or apple pie ?,0,0
"Yes , well you haven ’ t had one for ... five years . You should have one every year .",0,0
You're welcome .,0,0
Thanks . I'll get back to you .,0,0
"Well , I was just wondering . . . you see , I know I ’ Ve used up all my vacation days this year , but my sister is getting married , and the wedding is overseas , and , well . . .",0,0
I ’ m working here today .,0,0
Oh you ’ re so kind !,0,0
do you have experience in the IT field ?,0,0
"Yeah , I'm OK , I have been having a lot of mood swings lately . I think it has to do with the pills my doctor prescribed that are causing chaos on my hormones .",1,1
Maybe the company will build dormitory for the employees in the future .,1,0
"Excuse me , madam . Is this seat taken ?",0,0
"Yes , he was . I'm not imagining it.Finally , just when I got home , I turned around and looked at him.He was just standing there . He didn't smile . He just stood there . It was so obvious.What should I do ? I'm so scared . Can I call the police ?",0,0
"Is that true ? But anyhow , it's none of our business , isn't it ?",0,0
"Well , if there is no damage , you can return it .",0,0
Thank you . Would you like a window or an aisle seat ?,0,0
"Another big step forward in saving on our office equipment , I don ’ t need a desktop anymore . A laptop is enough .",0,0
All right . Here's the lease and the check for the deposit .,0,0
